Student_ID,Name,Department,Mathematics,Physics,Chemistry,English,Hindi,Attendance
101,Anjali,Science,85,78,90,88,82,92
102,Rahul,Science,72,80,75,70,78,85
103,Sneha,Science,95,92,88,94,96,98
104,Arjun,Science,60,65,58,62,70,75
105,Priya,Science,88,85,91,89,90,94
106,Amit,Science,45,52,48,55,50,68
107,Neha,Science,91,89,94,87,93,96
108,Rohit,Science,35,42,38,45,40,72
109,Pooja,Science,78,82,80,85,79,88
110,Karan,Science,67,60,65,70,68,80
111,Simran,Science,82,88,85,90,86,93
112,Vikas,Science,55,58,62,60,57,74
113,Meena,Science,93,95,91,89,94,97
114,Deepak,Science,40,35,45,50,42,65
115,Kavita,Science,76,74,79,81,77,86
116,Manish,Science,64,69,61,66,63,78
117,Riya,Science,89,92,87,91,90,95
118,Ajay,Science,28,32,35,40,30,60
119,Nisha,Science,84,80,86,88,85,91
120,Varun,Science,70,73,68,75,72,83